playername(),search_Depth(4),weight_PawnPos(1),biaSpawnPosPieceCount(16),weightKnightsPos(1.3),weightBishopPos(0.8),weightRooksPos(1),weightQueenPos(1.1),weightCastlingBonus(0.4),score(1),average(1),isWinner(1)
AI3 PiecePos-Analyzing_4,3.90,0.99,15.76,1.29,0.80,0.98,0.41,0.40,272.6580000000001,277.66703642384,0.0
AI3 PiecePos-Analyzing_2,3.92,1.00,15.89,1.28,0.79,1.00,0.39,0.40,274.805,277.66703642384,0.0
AI3 PiecePos-Analyzing_3,3.97,1.01,15.86,1.30,0.81,0.99,0.40,0.39,274.574,277.66703642384,1.0
AI3 PiecePos-Analyzing_1,3.99,0.98,15.74,1.28,0.79,1.00,0.41,0.41,272.69100000000003,277.66703642384,0.0
