playername(),search_Depth(4),weight_PawnPos(1),biaSpawnPosPieceCount(16),weightKnightsPos(1.3),weightBishopPos(0.8),weightRooksPos(1),weightQueenPos(1.1),weightCastlingBonus(0.4),score(1),average(1),isWinner(1)
AI3 PiecePos-Analyzing_4,3.91,0.99,16.00,1.28,0.79,0.98,0.39,0.39,276.491,277.79776897689675,0.0
AI3 PiecePos-Analyzing_2,3.92,0.99,15.99,1.29,0.79,0.99,0.39,0.41,276.402,277.79776897689675,0.0
AI3 PiecePos-Analyzing_3,3.95,1.01,15.79,1.30,0.79,0.99,0.41,0.40,273.37300000000005,277.79776897689675,0.0
AI3 PiecePos-Analyzing_1,3.98,1.00,16.13,1.32,0.80,1.00,0.40,0.41,278.96,277.79776897689675,0.0
