playername(),search_Depth(4),weight_PawnPos(1),biaSpawnPosPieceCount(16),weightKnightsPos(1.3),weightBishopPos(0.8),weightRooksPos(1),weightQueenPos(1.1),weightCastlingBonus(0.4),score(1),average(1),isWinner(1)
AI3 PiecePos-Analyzing_4,3.93,1.00,15.67,1.27,0.80,1.02,0.40,0.40,271.351,277.8203828382828,0.0
AI3 PiecePos-Analyzing_2,3.94,0.98,15.81,1.28,0.80,1.00,0.39,0.39,273.58899999999994,277.8203828382828,1.0
AI3 PiecePos-Analyzing_3,4.00,0.99,15.90,1.32,0.81,1.01,0.40,0.40,275.36400000000003,277.8203828382828,0.0
AI3 PiecePos-Analyzing_1,3.93,1.00,15.98,1.30,0.82,1.01,0.40,0.40,276.356,277.8203828382828,0.0
